DROP TABLE IF EXISTS followers;
DROP TABLE IF EXISTS likes;
DROP TABLE IF EXISTS comments;
DROP TABLE IF EXISTS posts;
DROP TABLE IF EXISTS users;

CREATE TABLE users (
    user_id SERIAL PRIMARY KEY,
    name VARCHAR(50) NOT NULL,
    email VARCHAR(50) UNIQUE NOT NULL,
    phone_number VARCHAR(20) UNIQUE
);

CREATE TABLE posts (
    post_id SERIAL PRIMARY KEY,
    user_id INTEGER NOT NULL,
    caption TEXT,
    image_url VARCHAR(200),
    created_at TIMESTAMP DEFAULT CURRENT_TIMESTAMP,
    FOREIGN KEY (user_id) REFERENCES users (user_id)
);

CREATE TABLE comments (
    comment_id SERIAL PRIMARY KEY,
    post_id INTEGER NOT NULL,
    user_id INTEGER NOT NULL,
    comment_text TEXT NOT NULL,
    created_at TIMESTAMP DEFAULT CURRENT_TIMESTAMP,
    FOREIGN KEY (post_id) REFERENCES posts (post_id),
    FOREIGN KEY (user_id) REFERENCES users (user_id)
);

CREATE TABLE likes (
    like_id SERIAL PRIMARY KEY,
    post_id INTEGER NOT NULL,
    user_id INTEGER NOT NULL,
    created_at TIMESTAMP DEFAULT CURRENT_TIMESTAMP,
    FOREIGN KEY (post_id) REFERENCES posts (post_id),
    FOREIGN KEY (user_id) REFERENCES users (user_id)
);

CREATE TABLE followers (
    follower_id SERIAL PRIMARY KEY,
    user_id INTEGER NOT NULL,
    follower_user_id INTEGER NOT NULL,
    created_at TIMESTAMP DEFAULT CURRENT_TIMESTAMP,
    FOREIGN KEY (user_id) REFERENCES users (user_id),
    FOREIGN KEY (follower_user_id) REFERENCES users (user_id)
);

-- Inserting into users table
INSERT INTO users (name, email, phone_number)
VALUES
    ('John Smith', 'johnsmith@gmail.com', '1234567890'),
    ('Jane Doe', 'janedoe@yahoo.com', '0987654321'),
    ('Bob Johnson', 'bjohnson@gmail.com', '1112223333'),
    ('Alice Brown', 'abrown@yahoo.com', NULL),
    ('Mike Davis', 'mdavis@gmail.com', '5556667777');

-- Inserting into posts table
INSERT INTO posts (user_id, caption, image_url)
VALUES
    (1, 'Beautiful sunset', '<https://www.example.com/sunset.jpg>'),
    (2, 'My new puppy', '<https://www.example.com/puppy.jpg>'),
    (3, 'Delicious pizza', '<https://www.example.com/pizza.jpg>'),
    (4, 'Throwback to my vacation', '<https://www.example.com/vacation.jpg>'),
    (5, 'Amazing concert', '<https://www.example.com/concert.jpg>');

-- Inserting into comments table
INSERT INTO comments (post_id, user_id, comment_text)
VALUES
    (1, 2, 'Wow! Stunning.'),
    (1, 3, 'Beautiful colors.'),
    (2, 1, 'What a cutie!'),
    (2, 4, 'Aww, I want one.'),
    (3, 5, 'Yum!'),
    (4, 1, 'Looks like an awesome trip.'),
    (5, 3, 'Wish I was there!');

-- Inserting into likes table
INSERT INTO likes (post_id, user_id)
VALUES
    (1, 2),
    (1, 4),
    (2, 1),
    (2, 3),
    (3, 5),
    (4, 1),
    (4, 2),
    (4, 3),
    (5, 4),
    (5, 5);

-- Inserting into followers table
INSERT INTO followers (user_id, follower_user_id)
VALUES
    (1, 2),
    (2, 1),
    (1, 3),
    (3, 1),
    (1, 4),
    (4, 1),
    (1, 5),
    (5, 1);